,l21,grafting,osfs,Alpha_investing,saola
arcene,0.770625390869,0.640203252033,0.765009380863,0.684606003752,0.820284552846
