,l21,grafting,osfs,Alpha_investing,saola
arcene,0.904828017511,0.845040650407,0.765009380863,0.684606003752,0.820284552846
