,sfs_l21,grafting,osfs,Alpha_investing,saola
RELATHE,0.851393953218,0.80437366192,0.847124434745,0.829681279926,0.799547484885
BASEHOCK,0.912716299565,0.848986445964,0.914204907735,0.913696078988,0.902658409247
PCMAC,0.888354674239,0.765790714378,0.825005534841,0.850769434631,0.85848817637
