threshold,prediction accuracy,number of selected features
0.1,0.842299402243,10
0.2,0.842299402243,10
0.3,0.842299402243,10
0.4,0.847194467472,10
0.5,0.852194467472,10
0.6,0.876351571476,11
0.7,0.891486030513,11
0.8,0.891486030513,11
0.9,0.891364079294,11
